{
  "prev_repeat_90d_30m": 1.0267517730678024,
  "reason": 0.7856633030279496,
  "month": 0.6042920764176154,
  "neighborhood": 0.5243793237629493,
  "hour_of_day": 0.1515248849653074,
  "department": 0.0888686326773932,
  "neigh_open_14d": 0.07013732797549502,
  "dept_pressure_30d": 0.06171691309149944,
  "day_of_week": 0.03924478641079773
}