{
  "prev_repeat_90d_30m": 1.0492969524935545,
  "reason": 0.6851565943567921,
  "neighborhood": 0.5837624456472613,
  "month": 0.5660629423822533,
  "hour_of_day": 0.1813163841426638,
  "department": 0.12461991895715792,
  "neigh_open_14d": 0.09106150705542464,
  "dept_pressure_30d": 0.08547379465664955,
  "day_of_week": 0.05419092304436785
}