{
  "best_model_name": "hgb_baseline",
  "algo": "hist_gradient_boosting",
  "val_roc_auc": 0.8597250778940992,
  "val_pr_auc": 0.981345811740624,
  "val_precision_at_5pct": 1.0,
  "val_accuracy": 0.9026974383189706,
  "val_precision": 0.9103278986605249,
  "val_recall": 0.9888731606149389,
  "val_f1": 0.9479763313609467,
  "test_roc_auc": 0.8597412936578698,
  "test_pr_auc": 0.981396942881093,
  "test_accuracy": 0.9011923031519301,
  "test_precision": 0.9087994192201821,
  "test_recall": 0.9890377588306942,
  "test_f1": 0.9472223973768837,
  "test_confusion_matrix": [
    [
      492,
      3015
    ],
    [
      333,
      30044
    ]
  ],
  "precision_at_1pct": 1.0,
  "precision_at_5pct": 1.0,
  "precision_at_10pct": 1.0,
  "critical_threshold_at_5pct": 0.9994347261200126,
  "label_pos_rate": 0.8964939204344233
}